Parcial1,Parcial2,Proyecto,Examen_Final,Nota_Final
15.49,19.2,14.31,18.55,67.55
13.59,17.77,15.64,24.84,71.84
15.94,15.18,14.02,27.52,72.66
18.57,13.06,15.23,40.0,86.86
13.3,17.09,11.27,33.34,75.0
13.3,16.18,16.53,21.99,68.0
18.74,17.69,16.0,32.92,85.34
16.3,16.91,13.96,20.72,67.88
12.59,18.15,17.65,36.5,84.88
15.63,13.39,18.34,27.17,74.54
12.61,18.95,11.98,29.44,72.98
12.6,15.59,14.09,37.95,80.24
14.73,20.0,14.08,22.28,71.08
8.26,12.93,13.65,21.62,56.46
8.83,20.0,18.07,26.5,73.4
12.31,15.59,15.52,36.23,79.65
10.96,13.05,15.34,20.88,60.23
14.94,13.55,10.99,13.01,52.49
11.28,14.04,17.59,27.29,70.2
9.76,16.27,12.9,33.31,72.25
18.4,16.57,16.15,37.2,88.32
13.32,13.28,16.69,27.22,70.52
14.2,14.93,19.4,27.53,76.06
9.73,20.0,12.73,36.92,79.38
12.37,20.0,8.45,18.78,59.6
14.33,16.31,16.46,27.67,74.77
10.55,15.11,20.0,31.14,76.8
15.13,15.36,19.1,32.7,82.28
12.2,16.84,16.52,26.94,72.5
13.12,11.93,14.77,30.21,70.03
12.19,14.23,18.02,15.07,59.51
19.56,9.99,13.57,26.05,69.17
13.96,16.2,17.19,32.72,80.07
10.83,16.94,17.26,24.11,69.14
16.47,13.55,18.65,30.35,79.02
10.34,19.72,20.0,32.68,82.74
14.63,11.32,16.98,27.94,70.88
8.12,10.61,14.73,31.02,64.48
10.02,15.67,15.94,24.22,65.85
14.59,18.14,11.58,28.76,73.07
16.22,20.0,14.26,33.66,84.14
14.51,13.62,14.98,30.94,74.06
13.65,18.24,14.69,26.48,73.06
13.1,14.88,16.38,31.35,75.71
9.56,14.48,13.94,34.29,72.28
11.84,17.65,18.8,17.7,65.99
12.62,16.96,16.0,36.95,82.53
17.17,10.27,15.98,27.98,71.4
15.03,19.43,15.18,32.55,82.19
8.71,19.14,16.39,37.18,81.42
14.97,13.12,18.06,21.77,67.93
12.84,16.19,13.83,25.74,68.61
11.97,16.48,14.35,28.27,71.07
15.84,15.78,15.24,25.3,72.16
17.09,13.35,12.64,40.0,83.08
16.79,12.99,13.95,24.86,68.59
11.48,14.92,14.81,26.67,67.88
13.07,18.52,18.19,31.23,81.0
14.99,16.63,16.66,22.79,71.07
16.93,13.89,16.48,27.63,74.92
12.56,17.32,18.13,31.9,79.91
13.44,6.45,15.66,28.0,63.56
10.68,18.45,16.98,29.44,75.54
10.41,9.78,15.74,26.82,62.76
16.44,13.91,16.66,20.91,67.93
18.07,11.64,14.54,31.93,76.18
13.78,11.12,9.9,40.0,74.8
17.01,18.48,15.66,30.11,81.27
15.08,13.6,19.56,31.35,79.59
12.06,16.04,18.32,34.16,80.58
15.08,14.86,18.41,22.38,70.74
18.61,16.43,19.09,40.0,94.14
13.89,15.23,16.22,31.21,76.56
18.69,11.15,16.49,39.79,86.13
6.14,17.99,14.46,25.6,64.19
16.47,13.52,15.21,40.0,85.19
14.26,10.33,17.54,34.65,76.78
13.1,13.72,19.01,33.32,79.15
14.28,19.5,15.65,31.4,80.83
8.04,17.55,14.87,28.51,68.97
13.34,13.95,16.0,37.2,80.5
15.07,13.95,17.5,30.84,77.37
18.43,14.04,12.39,18.2,63.06
12.45,20.0,10.26,23.3,66.0
11.57,16.15,14.62,28.88,71.23
12.49,16.29,12.95,31.86,73.59
16.75,18.09,14.73,29.66,79.23
14.99,15.72,15.63,37.31,83.65
12.41,14.22,14.87,18.29,59.79
15.54,14.41,19.63,30.86,80.44
14.29,14.79,16.82,19.09,64.99
16.91,14.89,16.75,34.56,83.1
11.89,17.18,17.56,29.43,76.07
13.02,15.16,13.15,32.52,73.84
12.82,17.2,18.6,24.82,73.44
9.61,14.76,15.81,37.68,77.85
14.89,15.24,17.68,36.25,84.05
14.78,9.01,13.32,33.5,70.61
14.02,17.75,12.12,29.22,73.1
13.3,16.04,18.04,33.48,80.86
9.75,17.99,16.94,25.76,70.45
12.74,6.31,13.74,35.13,67.93
12.97,20.0,13.83,39.9,86.69
11.59,14.58,18.81,36.42,81.41
13.52,18.32,13.03,25.62,70.49
15.21,11.88,20.0,32.17,79.26
19.66,16.84,13.75,22.24,72.49
14.52,11.84,17.6,33.43,77.39
14.77,13.13,15.18,32.7,75.78
13.78,20.0,17.51,18.78,70.07
8.24,14.43,14.64,23.03,60.34
13.92,15.65,15.59,28.3,73.47
14.18,17.61,16.1,28.19,76.09
20.0,16.49,13.49,22.74,72.72
13.42,15.45,17.85,32.33,79.06
14.9,16.09,14.72,31.51,77.23
13.9,20.0,15.43,28.83,78.16
10.49,14.83,13.51,25.47,64.3
17.43,15.6,9.59,36.29,78.92
16.26,18.15,15.52,39.93,89.86
16.37,18.32,20.0,27.1,81.79
11.27,18.56,17.96,26.33,74.12
18.21,16.92,15.95,32.95,84.02
9.79,11.57,15.34,27.85,64.56
15.76,19.9,16.06,29.16,80.88
20.0,11.56,17.37,34.44,83.37
11.03,15.91,13.05,18.54,58.53
12.3,12.74,18.79,37.91,81.73
14.3,14.81,17.79,30.44,77.33
12.49,15.99,17.8,27.53,73.8
9.35,15.96,17.1,29.46,71.87
14.21,16.27,16.05,29.77,76.3
10.81,19.84,17.68,19.61,67.95
15.42,16.36,17.48,38.97,88.23
11.24,14.27,15.11,30.25,70.87
18.65,17.89,14.57,32.66,83.77
11.65,18.57,16.25,35.71,82.18
13.03,11.32,19.87,23.87,68.1
16.44,16.79,12.9,32.84,78.98
10.31,17.1,12.33,28.39,68.14
14.68,14.11,16.41,35.08,80.28
17.92,19.13,16.13,17.24,70.41
9.18,14.55,16.43,29.41,69.57
14.55,15.38,16.61,26.38,72.92
14.78,14.48,15.44,32.59,77.3
16.35,15.05,19.72,32.82,83.94
10.29,11.71,12.0,25.75,59.75
10.04,10.68,13.93,25.73,60.37
15.57,19.78,15.74,29.34,80.43
14.89,12.46,11.89,24.62,63.86
14.75,12.03,15.56,35.05,77.39
15.04,8.54,20.0,27.78,71.36
11.96,13.08,16.05,12.56,53.65
14.7,11.03,16.58,27.75,70.06
14.88,19.93,12.85,23.77,71.42
11.86,18.03,14.46,20.21,64.56
19.6,12.94,15.06,22.58,70.17
15.42,20.0,15.21,30.66,81.28
10.43,17.95,19.2,37.97,85.55
15.97,14.03,17.39,31.88,79.27
11.08,7.5,13.22,26.36,58.16
16.36,20.0,16.62,32.74,85.71
17.48,10.83,17.25,27.25,72.8
11.54,10.06,18.85,25.83,66.28
16.89,18.07,19.95,23.07,77.98
15.24,20.0,13.46,19.49,68.19
16.47,19.15,13.97,27.66,77.25
19.69,16.69,12.86,30.95,80.19
13.26,16.78,15.41,29.42,74.88
11.74,17.56,17.17,27.5,73.97
11.33,17.28,18.47,24.33,71.4
11.55,15.84,15.81,33.65,76.86
13.77,15.31,15.2,22.1,66.38
15.02,14.81,16.38,34.66,80.87
14.83,12.74,13.91,23.99,65.47
16.48,14.16,20.0,25.49,76.12
14.04,9.92,11.98,21.2,57.14
18.36,14.7,16.46,26.99,76.52
13.21,12.03,20.0,35.85,81.09
20.0,11.69,16.02,33.09,80.8
15.88,15.54,15.52,35.87,82.81
11.43,19.18,15.11,33.13,78.84
10.79,17.75,15.55,23.38,67.47
15.45,10.29,19.43,28.02,73.18
13.33,12.03,10.47,25.32,61.15
16.14,17.82,19.83,37.98,91.78
15.42,12.05,12.44,22.82,62.73
13.78,14.33,15.33,35.36,78.8
11.46,16.65,14.93,35.36,78.39
9.46,12.09,17.47,40.0,79.02
12.66,15.32,12.0,27.54,67.52
16.57,11.0,17.16,34.27,79.0
14.64,13.2,20.0,40.0,87.84
10.26,15.96,12.59,26.29,65.11
14.52,10.22,16.47,20.79,62.0
15.16,16.32,14.35,18.72,64.54
11.35,14.94,17.06,34.28,77.63
14.46,16.66,16.05,18.7,65.87
14.17,15.67,14.4,27.77,72.01
10.57,19.09,17.22,32.62,79.51
15.07,15.38,20.0,31.11,81.56
15.68,13.71,15.52,32.55,77.47
17.25,15.37,17.8,31.33,81.75
17.16,16.63,12.77,37.67,84.23
9.87,15.15,13.61,24.29,62.91
11.19,15.12,17.18,25.94,69.43
15.55,12.89,19.71,25.36,73.51
15.54,13.01,16.89,34.98,80.42
15.55,10.79,15.22,35.4,76.96
20.0,20.0,16.0,32.71,88.71
15.71,11.27,12.87,37.1,76.96
17.41,12.92,17.51,22.93,70.77
16.86,12.84,18.21,40.0,87.91
15.95,17.68,14.87,39.14,87.65
13.05,14.12,14.82,34.41,76.41
16.28,18.74,16.66,40.0,91.68
11.68,12.98,14.91,20.06,59.63
13.29,15.84,15.83,26.85,71.81
12.54,12.49,20.0,25.59,70.63
14.25,20.0,15.38,34.33,83.96
20.0,11.44,15.1,23.7,70.24
8.4,15.93,14.38,34.54,73.25
16.06,16.9,17.86,38.22,89.04
9.16,16.24,15.55,34.17,75.12
12.58,14.44,14.38,31.7,73.11
17.27,14.61,19.3,24.07,75.25
14.19,15.13,19.55,24.92,73.79
10.77,14.56,14.5,37.5,77.32
11.85,17.89,11.33,34.68,75.76
16.04,20.0,18.52,29.77,84.32
11.81,13.33,14.29,27.49,66.92
14.65,10.89,17.98,17.85,61.36
14.14,14.74,11.07,23.57,63.52
12.05,20.0,18.23,40.0,90.28
20.0,12.59,12.97,22.32,67.88
15.9,19.92,17.83,31.14,84.78
7.92,20.0,16.04,36.04,80.0
14.56,13.34,13.62,22.47,63.98
12.01,16.71,14.98,31.11,74.81
16.56,19.89,17.72,35.63,89.79
11.62,13.86,16.26,30.07,71.82
13.66,14.39,17.46,40.0,85.51
15.51,13.25,20.0,19.99,68.76
16.6,11.96,12.09,36.35,76.99
10.4,13.05,20.0,28.96,72.41
13.0,11.33,16.26,34.63,75.22
12.58,15.1,13.75,32.65,74.08
12.04,12.69,12.67,25.6,63.01
19.3,15.7,15.53,31.37,81.9
15.21,10.33,18.3,18.85,62.7
10.22,15.99,15.68,33.62,75.51
16.75,17.5,19.78,31.79,85.82
20.0,9.02,12.37,33.83,75.22
17.1,16.12,15.97,36.35,85.54
9.44,18.68,12.87,32.21,73.2
12.55,11.37,16.91,30.89,71.72
17.8,20.0,18.22,24.71,80.73
11.88,16.26,14.95,25.73,68.81
15.33,12.88,9.49,37.12,74.83
16.32,14.83,16.5,38.62,86.27
11.22,16.67,17.09,28.57,73.56
13.82,15.23,17.01,30.28,76.34
4.28,16.62,19.09,24.57,64.55
10.93,12.24,13.32,37.04,73.52
13.24,15.51,17.7,33.99,80.44
10.26,10.76,18.98,40.0,80.0
18.9,14.67,11.55,24.73,69.85
9.71,12.29,16.8,27.73,66.53
12.68,12.79,14.74,31.39,71.6
14.39,18.71,15.8,33.88,82.78
18.32,18.27,16.87,28.71,82.17
9.69,16.83,14.78,24.76,66.06
17.49,11.72,14.31,35.29,78.81
14.03,14.05,16.09,34.33,78.49
11.06,18.64,13.28,24.5,67.48
15.39,15.43,13.29,38.13,82.23
14.6,20.0,17.7,37.02,89.32
12.2,16.18,13.13,30.81,72.31
14.21,15.58,17.67,30.48,77.93
12.84,14.07,17.16,33.32,77.4
14.34,15.4,11.69,24.83,66.26
15.99,14.54,14.31,30.18,75.02
18.76,17.12,18.99,17.09,71.95
10.29,17.87,13.55,35.26,76.96
20.0,12.64,14.84,20.63,68.11
8.14,11.01,17.16,39.02,75.33
13.54,9.49,17.96,28.02,69.01
15.76,16.52,15.37,28.73,76.39
14.84,11.69,14.51,26.23,67.27
12.13,8.54,19.56,28.27,68.5
13.38,16.17,20.0,38.51,88.05
12.52,20.0,18.45,15.07,66.04
12.23,14.98,16.21,37.66,81.09
16.55,17.52,13.98,32.03,80.07
15.07,15.25,13.92,22.76,67.0
11.92,14.7,17.31,23.55,67.48
16.7,17.76,17.05,40.0,91.5
14.92,14.13,19.5,24.33,72.88
16.44,15.8,17.63,23.08,72.95
15.89,15.97,12.24,36.82,80.92
11.51,13.0,18.63,32.03,75.17
12.32,17.98,13.5,24.37,68.17
16.24,14.48,15.04,31.3,77.06
15.83,12.73,16.63,23.85,69.03
13.94,16.61,20.0,36.6,87.15
14.35,12.3,20.0,36.37,83.02
17.83,15.08,17.52,33.19,83.63
12.23,14.97,15.54,32.17,74.91
15.64,18.26,17.34,40.0,91.24
13.39,16.42,18.22,30.0,78.03
13.35,14.92,15.2,22.91,66.38
17.3,17.45,20.0,32.7,87.45
16.48,19.17,16.58,40.0,92.22
16.44,16.67,17.24,23.91,74.27
17.92,15.03,17.66,27.83,78.44
14.06,11.06,17.05,32.5,74.68
16.05,11.8,18.1,29.68,75.62
13.07,14.08,14.46,24.11,65.72
14.97,13.17,14.6,36.73,79.48
13.61,14.44,13.25,40.0,81.3
14.29,15.17,17.1,31.18,77.74
15.79,16.59,17.95,24.58,74.9
11.55,14.79,17.14,20.71,64.18
20.0,16.46,20.0,31.55,88.01
10.98,15.19,15.99,36.62,78.78
10.36,9.07,17.67,32.85,69.95
17.47,12.18,13.27,29.99,72.91
16.37,14.57,15.03,26.46,72.44
15.87,11.37,17.74,23.45,68.43
15.89,16.8,18.12,35.01,85.82
13.96,19.59,15.27,35.48,84.3
11.31,18.66,15.82,20.73,66.51
14.23,14.36,12.21,39.54,80.33
11.97,19.47,15.11,33.44,79.99
16.93,15.45,18.23,38.4,88.99
13.56,13.99,17.44,21.95,66.93
11.52,13.16,17.25,21.81,63.74
13.04,14.09,16.12,29.11,72.36
15.24,13.84,16.02,33.02,78.11
12.31,15.51,14.35,40.0,82.17
11.53,15.48,17.75,34.24,79.0
14.73,15.01,17.05,28.54,75.34
14.73,16.31,17.23,23.84,72.12
12.48,18.57,14.68,37.38,83.12
12.59,17.85,10.62,24.21,65.26
14.7,10.55,18.74,39.77,83.76
9.66,7.34,14.8,28.29,60.09
9.78,17.8,13.84,39.54,80.97
11.84,10.9,17.73,34.07,74.55
13.36,14.33,15.02,29.18,71.88
14.93,11.49,18.65,26.88,71.96
18.43,9.59,17.54,27.95,73.52
16.57,16.62,17.71,32.57,83.48
13.52,17.28,12.59,30.46,73.85
13.94,13.27,19.03,26.44,72.68
10.99,7.23,16.65,29.01,63.88
13.94,13.36,15.08,30.47,72.85
13.13,16.18,16.36,17.23,62.9
14.97,10.56,11.56,32.75,69.84
11.52,15.55,17.02,24.12,68.21
15.56,14.95,13.43,23.08,67.02
18.6,16.74,12.62,19.88,67.83
13.67,15.36,12.19,19.24,60.46
15.21,12.08,18.78,21.87,67.93
16.07,18.59,14.43,25.75,74.83
12.8,14.52,19.83,40.0,87.16
14.67,14.92,14.66,26.84,71.1
14.04,12.2,11.73,31.07,69.04
14.29,13.67,13.21,32.4,73.57
11.68,12.35,19.09,30.79,73.9
14.07,14.48,15.61,29.54,73.7
15.49,20.0,14.63,22.83,72.95
18.35,10.88,16.4,38.71,84.34
16.88,10.16,17.25,40.0,84.29
20.0,19.41,18.79,19.9,78.11
11.7,14.37,19.62,23.86,69.55
16.62,12.99,15.1,28.32,73.03
14.55,18.12,12.68,24.21,69.57
20.0,13.18,14.97,33.04,81.19
11.58,20.0,16.65,25.63,73.86
11.48,17.03,13.59,40.0,82.11
12.2,13.54,13.61,37.14,76.49
7.63,20.0,16.86,31.28,75.76
12.42,13.18,15.88,36.16,77.65
11.72,17.23,16.08,36.64,81.67
14.45,15.9,14.1,26.62,71.07
15.03,18.91,15.42,25.1,74.46
19.63,19.68,13.69,30.47,83.47
16.85,15.1,18.23,35.17,85.34
12.27,12.74,18.59,30.83,74.43
11.3,16.38,11.38,20.54,59.61
15.48,12.97,13.68,25.18,67.3
10.04,20.0,12.26,29.56,71.85
19.49,15.41,14.37,29.55,78.82
17.54,13.9,15.79,40.0,87.23
12.59,15.55,12.38,21.68,62.21
8.86,10.96,13.7,33.03,66.55
18.06,12.09,13.49,38.93,82.57
13.66,18.6,16.52,40.0,88.78
17.71,13.03,16.17,27.57,74.49
9.22,11.86,14.2,32.95,68.22
12.2,16.61,16.44,33.42,78.67
14.02,18.56,14.63,31.17,78.38
14.14,17.16,15.32,29.41,76.03
12.65,17.99,20.0,32.62,83.25
15.87,12.73,19.35,14.81,62.76
10.8,10.73,12.75,34.09,68.38
13.57,19.5,18.07,30.76,81.91
14.36,14.03,18.03,28.67,75.09
15.54,14.25,13.13,40.0,82.92
16.13,18.98,18.05,25.95,79.12
10.63,16.67,19.84,27.58,74.72
9.4,16.37,13.19,40.0,78.96
17.83,20.0,13.71,25.01,76.55
15.0,13.07,18.54,26.7,73.31
11.75,17.78,16.68,29.12,75.33
18.65,15.17,17.38,35.04,86.25
14.35,15.81,16.85,31.25,78.25
17.54,19.59,16.98,22.24,76.34
14.2,16.52,12.68,26.81,70.22
20.0,16.61,18.62,26.36,81.59
19.27,18.22,18.92,29.54,85.94
13.25,13.91,15.43,32.56,75.14
16.91,12.48,15.89,32.51,77.8
15.94,11.87,12.17,19.34,59.32
18.11,9.1,17.29,36.38,80.88
11.11,20.0,17.43,31.52,80.05
16.06,11.69,15.84,38.31,81.9
17.18,14.34,18.81,32.67,82.99
8.72,14.17,15.16,36.61,74.67
10.45,15.92,17.41,32.8,76.58
7.88,17.45,13.45,38.08,76.86
13.19,17.58,15.94,33.13,79.85
16.15,13.25,15.56,29.41,74.38
18.51,14.5,16.56,40.0,89.57
14.22,15.85,15.08,35.33,80.48
18.89,14.25,15.67,33.44,82.25
9.86,19.82,18.07,22.34,70.09
8.89,16.47,14.91,22.27,62.54
13.83,17.2,11.98,31.76,74.78
15.15,16.99,20.0,30.87,83.01
13.9,18.52,19.45,26.32,78.19
7.8,15.54,12.77,30.85,66.96
13.73,11.11,17.72,39.53,82.1
10.09,16.2,14.74,34.17,75.2
16.01,13.05,16.66,23.15,68.87
15.1,13.41,16.74,29.33,74.58
11.18,16.76,15.41,25.17,68.52
12.46,18.71,14.04,27.67,72.89
10.82,15.06,14.27,27.52,67.68
13.81,15.93,13.71,27.13,70.58
16.87,20.0,13.92,22.47,73.26
11.04,15.72,15.83,29.23,71.83
15.51,20.0,14.21,26.64,76.36
12.41,16.7,17.71,12.42,59.23
11.62,9.72,19.72,40.0,81.06
13.68,17.26,14.55,36.53,82.02
10.89,16.14,16.6,27.74,71.38
12.34,18.87,17.25,30.11,78.57
10.41,17.02,17.18,22.97,67.58
19.89,14.58,16.19,40.0,90.67
14.11,11.33,17.86,40.0,83.29
11.9,14.37,17.21,30.94,74.42
14.64,12.45,12.91,36.14,76.14
13.66,13.26,18.17,31.05,76.15
13.34,16.77,18.22,21.98,70.3
15.84,20.0,14.09,27.53,77.46
16.27,16.18,16.09,30.79,79.34
12.41,11.41,17.71,27.27,68.8
12.27,16.33,15.48,28.69,72.77
13.17,18.59,18.68,29.45,79.9
7.09,13.17,20.0,29.51,69.78
9.45,14.6,14.04,30.31,68.4
18.1,15.04,12.55,23.64,69.33
18.93,12.65,16.76,25.7,74.04
13.25,16.94,17.8,22.29,70.29
15.73,14.64,15.42,35.87,81.66
14.93,16.26,19.63,17.37,68.19
20.0,12.34,12.65,36.92,81.91
17.36,13.69,17.73,38.32,87.1
13.62,17.17,14.49,28.19,73.46
11.13,13.88,20.0,14.38,59.4
9.18,20.0,20.0,27.83,77.01
14.61,13.8,14.08,29.61,72.11
11.73,15.67,14.63,23.94,65.97
9.73,17.8,18.15,26.91,72.59
12.06,10.74,15.03,39.18,77.02
10.76,9.72,15.89,33.99,70.35
19.06,10.42,16.06,24.45,70.0
16.64,18.79,11.2,20.41,67.05
13.98,13.34,15.97,28.04,71.32
18.44,20.0,14.28,28.72,81.43
14.23,13.31,14.77,32.98,75.28
11.42,15.55,19.61,26.79,73.37
18.57,19.63,12.86,33.07,84.12
15.62,20.0,18.03,40.0,93.65
10.89,20.0,15.3,34.89,81.08
13.43,18.63,15.3,29.71,77.07
11.37,18.07,17.98,28.9,76.32
9.85,16.78,16.85,27.86,71.34
16.78,17.34,17.43,37.08,88.62
19.73,13.35,18.42,26.24,77.73
9.8,12.55,15.17,30.27,67.79
15.69,14.99,14.47,30.31,75.46
12.05,14.49,13.29,26.99,66.81
12.54,13.64,13.94,21.77,61.88
12.22,17.09,20.0,31.94,81.25
11.41,17.87,19.11,29.63,78.02
14.15,15.27,12.62,33.0,75.03
11.51,19.43,12.69,26.8,70.43
14.81,11.57,17.2,37.32,80.92
13.85,14.42,17.37,24.74,70.38
13.28,12.85,17.37,40.0,83.5
11.28,9.4,15.36,19.51,55.55
12.27,14.75,15.69,32.61,75.32
16.27,14.63,16.82,32.85,80.57
15.5,19.54,16.21,25.23,76.48
11.07,16.89,10.45,32.55,70.96
14.3,11.93,15.43,37.68,79.33
16.25,20.0,13.87,16.7,66.82
8.99,18.66,16.44,33.02,77.11
15.63,16.75,20.0,15.04,67.42
12.01,14.32,16.92,24.21,67.46
15.71,12.12,15.22,39.77,82.82
11.71,13.88,18.3,26.51,70.41
8.59,18.27,17.21,22.96,67.02
9.12,20.0,17.05,28.81,74.98
14.14,19.63,17.52,40.0,91.29
14.78,13.53,20.0,19.01,67.32
11.29,11.64,13.17,23.69,59.79
15.92,15.42,17.18,38.98,87.51
9.02,9.69,13.68,40.0,72.39
13.8,15.97,17.39,29.38,76.54
10.37,14.56,13.7,22.57,61.19
12.04,13.6,14.96,40.0,80.6
14.14,10.22,15.26,39.57,79.19
11.42,16.54,18.44,34.07,80.47
12.85,13.4,18.3,25.13,69.67
17.02,11.49,12.89,29.71,71.1
12.27,6.38,16.14,29.04,63.83
16.51,14.92,14.23,31.99,77.64
10.61,20.0,12.85,38.71,82.17
15.59,19.98,15.46,35.28,86.31
18.32,13.63,15.23,23.54,70.72
6.59,13.19,20.0,38.26,78.04
11.61,16.41,17.08,31.88,76.98
15.73,12.0,12.56,34.12,74.41
13.39,15.91,14.59,38.8,82.68
15.11,17.3,18.55,23.33,74.3
12.19,18.68,20.0,29.79,80.65
14.26,14.7,12.04,26.81,67.81
13.53,14.39,11.3,20.59,59.81
17.5,12.37,20.0,32.08,81.95
14.76,12.52,16.97,40.0,84.26
15.01,14.32,13.83,18.96,62.12
12.76,16.1,17.34,29.81,76.01
12.54,17.74,9.41,33.84,73.53
12.7,12.59,16.01,30.74,72.04
15.18,19.48,16.82,29.32,80.8
12.74,14.19,18.31,22.2,67.44
14.87,14.94,13.47,31.4,74.67
20.0,12.76,16.21,25.46,74.43
16.61,7.73,13.69,16.86,54.89
13.02,17.65,16.64,37.17,84.48
17.6,17.21,13.76,35.75,84.33
12.78,14.16,14.98,30.31,72.22
7.89,15.2,13.51,31.37,67.97
10.98,16.55,17.63,36.45,81.6
8.39,10.31,18.15,31.35,68.19
12.95,13.41,15.41,35.42,77.2
14.06,17.38,16.1,28.22,75.75
19.03,11.24,12.38,37.87,80.52
14.98,15.88,15.25,31.92,78.04
13.34,10.93,15.87,31.16,71.31
16.49,16.4,20.0,22.38,75.27
7.37,14.89,13.22,31.72,67.2
14.71,10.15,19.66,25.01,69.53
16.31,18.49,18.49,26.17,79.47
9.56,12.8,16.7,25.11,64.17
17.43,12.57,20.0,23.6,73.6
15.02,15.6,16.93,40.0,87.55
12.75,18.45,16.97,37.99,86.16
15.9,11.95,15.87,40.0,83.72
20.0,15.19,19.06,22.66,76.91
14.55,16.29,18.74,30.43,80.0
14.74,17.08,14.44,22.24,68.5
12.62,15.53,12.7,25.83,66.68
11.45,13.9,15.49,24.49,65.33
16.49,12.52,14.0,37.44,80.45
11.43,15.26,15.84,27.62,70.15
14.21,11.78,19.09,36.41,81.5
12.57,6.24,14.86,33.62,67.28
15.44,16.31,15.89,40.0,87.64
15.0,17.71,16.15,21.12,69.98
17.11,7.91,18.12,37.56,80.7
12.47,11.97,10.38,36.88,71.7
13.19,16.86,14.48,24.16,68.69
11.06,20.0,16.53,36.04,83.63
12.67,15.06,19.0,32.02,78.75
15.13,12.82,14.77,28.64,71.35
16.27,14.45,11.31,25.06,67.09
11.23,19.12,17.55,25.69,73.59
16.61,13.06,14.41,40.0,84.08
18.07,12.6,13.03,30.0,73.7
15.24,13.55,14.44,34.69,77.92
19.63,12.14,15.54,25.25,72.56
11.68,15.37,14.49,25.32,66.86
10.27,19.87,10.49,36.49,77.12
8.66,15.97,18.24,21.9,64.78
18.49,14.24,19.19,27.51,79.43
15.96,14.12,17.63,30.2,77.92
13.83,10.31,13.16,30.67,67.97
14.84,17.65,15.5,28.93,76.91
10.62,14.77,15.98,32.37,73.75
20.0,14.46,17.5,34.16,86.11
14.39,20.0,17.67,34.41,86.47
14.33,15.9,14.16,24.09,68.47
16.18,12.74,16.2,28.3,73.42
15.44,13.72,17.14,37.17,83.48
14.67,18.45,19.64,35.37,88.12
11.63,15.34,17.76,21.76,66.49
15.41,10.69,17.97,32.11,76.18
19.65,17.76,16.21,18.13,71.74
18.04,13.0,19.53,30.28,80.84
18.78,20.0,17.02,40.0,95.8
12.47,18.24,13.85,24.31,68.87
11.03,13.66,19.51,24.99,69.19
13.62,18.84,17.74,34.58,84.79
14.17,15.2,14.89,20.74,65.01
17.28,17.56,14.8,26.2,75.85
8.92,16.45,16.74,33.58,75.7
18.59,12.46,17.16,26.19,74.4
13.53,13.07,16.49,28.58,71.67
12.72,18.09,16.78,34.47,82.05
10.96,14.0,20.0,32.53,77.49
9.04,13.79,18.68,31.6,73.1
16.47,12.13,16.48,27.97,73.05
14.22,16.27,18.35,32.22,81.06
10.13,20.0,13.42,29.26,72.81
10.11,11.8,16.99,32.75,71.65
12.99,15.07,20.0,27.02,75.08
19.01,19.24,15.45,28.9,82.6
13.22,14.76,13.88,24.06,65.92
9.49,16.36,14.37,29.79,70.01
13.26,11.81,13.28,25.13,63.49
13.18,16.28,14.04,23.32,66.82
5.91,14.44,15.07,31.55,66.97
13.84,17.96,12.49,31.28,75.56
13.31,18.56,16.04,34.7,82.61
16.09,20.0,18.26,27.41,81.76
19.55,16.74,13.73,32.45,82.46
17.38,15.98,19.8,33.3,86.46
13.19,15.58,17.28,32.67,78.72
10.68,13.94,18.58,25.05,68.24
20.0,16.02,14.36,30.9,81.27
14.18,14.11,18.14,32.18,78.61
14.04,15.51,13.27,30.04,72.86
13.93,18.95,18.23,17.48,68.59
14.59,11.98,16.43,30.96,73.97
13.57,18.42,17.38,40.0,89.37
12.28,18.95,13.06,27.84,72.13
12.36,14.65,13.76,25.63,66.4
13.9,8.63,17.49,32.24,72.27
12.37,13.18,13.63,31.87,71.05
11.86,18.89,17.16,37.16,85.07
14.32,14.93,12.58,22.45,64.29
13.24,12.0,18.12,34.39,77.75
18.51,13.49,12.92,33.54,78.46
6.05,17.52,17.38,29.15,70.1
17.27,16.64,17.56,32.03,83.51
17.74,14.28,14.26,36.18,82.46
7.78,13.9,17.46,35.23,74.37
12.97,13.82,16.65,23.14,66.59
12.89,12.23,14.65,34.92,74.69
9.78,19.85,13.48,29.61,72.71
11.67,14.03,11.09,30.44,67.23
10.67,18.65,16.87,30.44,76.63
19.26,19.56,12.09,29.1,80.01
16.81,17.99,16.24,37.15,88.19
17.81,13.71,15.34,29.5,76.36
16.17,16.21,17.7,23.28,73.36
10.61,14.93,15.24,27.64,68.42
12.43,12.29,15.18,31.07,70.96
15.47,15.97,17.83,37.38,86.65
10.33,11.46,16.84,33.62,72.25
16.14,18.56,16.79,24.9,76.39
13.28,13.61,17.17,40.0,84.06
12.88,15.6,12.16,31.59,72.23
16.13,15.85,17.89,37.65,87.53
15.33,14.22,17.53,29.09,76.18
12.92,16.76,13.46,33.2,76.34
17.48,13.58,15.39,35.04,81.48
10.76,17.61,15.9,37.31,81.58
15.85,10.96,15.66,36.34,78.82
15.78,15.38,16.83,35.23,83.23
13.07,20.0,19.58,28.11,80.76
14.98,12.0,18.7,26.57,72.25
10.25,12.97,12.72,32.0,67.93
16.77,16.54,17.56,35.6,86.47
13.45,15.54,19.32,28.66,76.97
12.43,16.05,16.97,36.39,81.84
17.15,16.47,18.73,38.72,91.06
11.89,16.9,20.0,24.5,73.29
9.77,18.33,18.56,24.98,71.64
9.33,16.23,16.62,29.16,71.34
15.82,14.28,18.61,31.85,80.55
10.16,17.02,16.36,26.85,70.39
19.26,20.0,16.06,38.11,93.44
7.75,14.6,15.12,32.54,70.02
19.09,12.08,19.91,30.24,81.31
14.63,18.32,13.95,21.38,68.29
13.71,14.64,19.83,22.11,70.28
12.37,8.48,17.25,31.69,69.78
15.2,17.54,12.5,17.2,62.45
13.89,13.39,16.92,36.08,80.28
17.31,14.73,10.75,29.05,71.84
14.34,16.0,17.56,40.0,87.9
14.45,15.57,18.21,40.0,88.24
12.91,17.13,14.52,28.91,73.47
13.83,13.69,16.31,29.36,73.19
14.92,16.54,20.0,35.97,87.44
8.87,14.22,14.74,40.0,77.83
9.96,17.22,13.35,20.17,60.7
16.23,16.85,19.7,19.28,72.06
14.51,12.19,20.0,26.27,72.97
13.45,18.26,16.01,33.5,81.21
14.06,13.39,18.53,32.98,78.96
15.04,17.42,19.35,36.42,88.24
12.38,16.1,14.14,22.8,65.43
11.67,20.0,14.79,16.1,62.55
14.59,14.33,19.08,35.15,83.14
11.06,13.95,20.0,25.03,70.05
15.22,14.94,17.41,17.89,65.46
8.89,14.09,13.8,30.87,67.65
17.09,17.4,20.0,34.76,89.25
15.42,10.15,14.67,29.27,69.51
14.77,11.84,15.16,27.25,69.02
16.95,11.8,16.86,29.04,74.64
19.0,17.85,19.89,27.78,84.51
17.04,20.0,18.13,21.91,77.09
8.48,14.69,17.04,25.71,65.91
10.16,14.49,17.16,33.13,74.94
12.13,15.21,16.11,31.93,75.37
14.08,18.49,17.4,31.01,80.97
15.55,12.22,9.68,24.03,61.48
11.82,15.72,15.26,28.91,71.71
14.56,17.93,16.6,16.94,66.03
11.73,16.5,13.12,31.07,72.43
12.17,15.57,16.97,38.57,83.27
9.78,18.0,15.49,21.16,64.43
11.23,6.89,20.0,26.48,64.61
9.94,17.03,19.93,31.97,78.89
11.07,13.04,14.84,37.52,76.46
17.16,9.51,15.62,27.31,69.6
11.15,16.53,15.82,25.85,69.35
20.0,19.12,14.87,18.19,72.18
15.48,14.59,16.49,30.62,77.18
14.55,17.86,14.1,40.0,86.52
11.42,19.84,13.17,31.66,76.1
16.1,18.94,17.56,29.87,82.47
12.27,19.92,17.57,31.93,81.7
14.37,17.23,13.99,29.93,75.52
20.0,15.23,18.24,25.12,78.59
13.71,10.19,14.42,34.94,73.27
17.45,14.26,16.63,31.35,79.7
11.89,12.47,18.05,30.11,72.52
13.9,20.0,15.92,24.15,73.96
19.31,14.47,17.14,37.82,88.74
12.12,15.37,14.71,33.99,76.19
19.44,16.65,15.51,26.68,78.28
16.12,15.13,15.49,36.01,82.75
12.31,20.0,14.13,27.01,73.46
15.9,13.13,15.56,25.31,69.9
16.92,15.58,12.13,25.44,70.07
15.87,12.77,14.77,19.37,62.78
9.29,11.04,15.29,32.83,68.45
11.82,13.16,15.36,19.01,59.36
13.26,14.89,15.4,22.63,66.17
13.78,13.71,15.85,17.55,60.88
15.86,12.92,17.2,29.48,75.47
14.53,10.78,18.19,29.1,72.6
9.99,14.75,14.38,28.04,67.16
15.14,10.49,12.99,23.74,62.36
15.83,17.28,13.39,22.97,69.47
15.68,15.25,14.78,32.79,78.49
17.24,10.63,15.12,26.7,69.69
16.5,14.07,14.08,31.9,76.55
15.38,12.74,12.76,24.69,65.57
13.79,15.96,14.86,31.09,75.69
9.02,19.02,16.45,37.82,82.31
15.29,9.37,17.49,33.52,75.67
14.62,15.35,14.61,27.53,72.1
14.81,14.52,14.97,31.54,75.85
10.17,17.01,13.68,28.56,69.42
10.76,15.64,15.92,30.05,72.37
17.16,12.74,13.88,28.05,71.83
13.88,14.04,17.43,29.01,74.37
16.04,12.61,11.54,31.27,71.46
14.08,18.23,15.1,24.04,71.45
14.09,15.06,16.75,23.9,69.81
16.81,20.0,16.46,21.67,74.94
12.45,14.82,20.0,20.4,67.67
14.29,12.87,16.87,22.7,66.73
12.61,10.46,13.49,30.96,67.52
12.7,9.59,15.76,24.64,62.69
13.07,10.25,11.56,33.08,67.96
14.67,15.8,15.8,30.21,76.47
12.56,16.53,13.92,18.19,61.2
17.77,10.26,18.29,33.93,80.24
11.32,17.69,14.63,34.86,78.49
13.44,13.55,15.71,24.04,66.74
12.68,15.44,14.41,32.52,75.05
18.34,19.84,20.0,24.86,83.04
14.59,17.69,15.2,30.59,78.06
17.1,14.19,20.0,22.41,73.7
9.54,12.33,18.04,19.24,59.15
14.8,8.54,17.21,27.7,68.25
16.67,12.84,16.92,29.26,75.69
14.25,14.37,16.98,27.61,73.21
17.2,12.04,11.18,22.9,63.31
12.45,14.61,15.3,27.6,69.96
18.23,15.23,18.11,31.62,83.19
20.0,14.33,15.88,29.73,79.93
12.91,13.05,12.49,31.1,69.54
12.66,15.51,15.87,25.98,70.02
18.36,16.33,20.0,37.03,91.72
18.74,11.73,19.12,22.94,72.53
12.43,19.23,15.84,32.93,80.43
12.74,14.7,18.38,37.09,82.91
13.15,15.06,15.08,32.89,76.18
9.97,17.12,11.74,28.78,67.62
11.24,15.7,13.69,26.83,67.46
10.99,17.86,19.91,36.22,84.97
11.7,15.86,15.32,21.46,64.34
13.9,13.16,15.39,24.18,66.63
14.7,16.08,15.25,27.61,73.65
18.65,11.57,20.0,37.43,87.65
11.0,15.33,20.0,32.28,78.61
16.95,14.9,20.0,24.19,76.05
13.36,14.38,15.6,28.14,71.47
13.85,14.61,16.74,26.31,71.52
16.02,9.35,12.21,25.74,63.33
10.63,13.35,19.69,35.87,79.55
15.15,15.28,13.08,21.77,65.28
14.5,15.48,16.54,39.65,86.17
15.48,11.92,13.26,34.97,75.62
14.87,18.8,14.53,36.55,84.74
20.0,12.4,13.91,27.22,73.53
12.09,17.91,14.48,29.1,73.58
12.41,16.28,14.65,21.4,64.74
12.13,13.06,14.63,26.85,66.67
12.33,20.0,18.08,32.96,83.38
12.09,11.42,13.24,37.78,74.52
17.57,17.76,16.55,23.36,75.23
18.26,18.0,19.04,27.81,83.12
12.29,12.99,14.72,29.09,69.09
11.5,19.18,14.21,21.63,66.51
15.41,14.25,15.42,33.55,78.64
12.34,15.87,18.95,25.66,72.81
15.9,15.78,16.49,28.83,76.99
14.61,14.6,14.67,27.29,71.17
9.45,17.43,17.21,25.26,69.36
18.64,17.38,13.24,29.96,79.22
19.39,9.75,17.7,28.71,75.55
12.16,18.91,17.02,27.77,75.87
12.84,10.01,15.23,25.63,63.71
14.86,18.1,13.9,31.92,78.78
15.0,18.38,13.78,39.92,87.09
15.98,11.73,17.34,30.84,75.88
20.0,13.77,19.07,35.98,88.82
13.47,11.68,14.41,21.66,61.22
11.61,14.36,17.15,30.95,74.05
9.86,14.08,10.78,23.42,58.14
11.81,17.34,14.54,21.14,64.82
13.9,18.93,15.92,25.56,74.32
19.38,19.19,13.73,37.15,89.45
12.45,13.31,13.66,35.7,75.12
14.67,14.37,14.33,31.46,74.83
13.95,9.95,16.73,20.8,61.43
17.57,12.58,15.53,28.82,74.5
20.0,17.89,10.4,31.81,80.11
12.41,19.85,10.7,31.05,74.01
12.53,11.3,14.48,18.94,57.25
17.13,13.22,17.14,24.66,72.16
16.05,14.92,9.13,29.62,69.71
19.54,15.84,14.75,33.22,83.35
15.75,12.57,14.68,16.82,59.83
12.92,16.27,19.47,29.03,77.69
15.77,13.58,15.04,30.86,75.25
17.33,14.96,16.96,35.1,84.34
16.46,16.64,16.35,34.16,83.61
15.52,15.02,10.67,33.5,74.71
17.2,13.69,17.92,25.2,74.01
17.51,14.67,16.54,18.55,67.27
18.15,14.73,17.27,27.64,77.79
15.95,13.89,20.0,36.01,85.85
13.5,14.22,10.79,38.36,76.87
14.44,19.8,20.0,34.26,88.5
17.62,16.68,15.28,32.58,82.16
11.55,14.11,16.72,32.28,74.66
15.11,17.09,15.89,26.66,74.75
12.82,14.0,14.94,29.22,70.98
14.09,18.52,14.58,40.0,87.18
17.84,16.11,16.82,24.34,75.11
14.57,14.68,12.21,39.69,81.15
14.14,16.34,17.88,28.07,76.43
9.92,10.29,14.96,37.95,73.12
16.24,11.62,13.17,21.56,62.59
15.94,11.42,14.87,33.52,75.75
20.0,15.43,19.14,25.58,80.15
13.08,20.0,14.66,21.51,69.25
14.66,20.0,16.9,31.31,82.86
14.75,16.91,14.17,36.06,81.89
18.73,16.5,17.89,24.93,78.06
13.71,9.6,17.71,21.01,62.03
14.84,13.37,20.0,29.45,77.66
15.82,12.64,15.56,29.48,73.5
14.56,13.14,17.67,33.29,78.66
12.66,14.5,16.25,35.7,79.1
14.58,13.58,19.24,29.64,77.05
17.22,9.06,14.2,40.0,80.49
10.92,17.24,17.86,31.35,77.37
14.4,11.78,15.51,27.92,69.62
11.9,15.72,15.84,20.33,63.79
17.59,20.0,16.23,28.42,82.24
9.43,12.24,16.63,27.98,66.28
12.32,7.41,15.71,35.76,71.2
15.13,14.14,16.54,32.77,78.59
18.7,18.3,19.95,22.92,79.87
13.8,20.0,18.46,31.03,83.3
12.33,11.31,18.17,34.03,75.85
19.64,16.49,14.86,39.17,90.16
9.66,13.6,13.78,35.33,72.36
7.4,14.68,18.39,34.57,75.04
15.32,20.0,18.19,30.36,83.87
12.49,10.49,19.68,32.33,75.0
10.94,15.76,14.49,37.5,78.68
16.13,16.4,15.43,22.0,69.96
14.73,18.26,11.9,27.9,72.79
12.31,15.29,15.02,25.36,67.99
10.16,15.92,18.49,32.27,76.85
16.62,13.83,14.83,37.38,82.66
15.95,15.81,17.6,26.42,75.78
13.7,13.97,15.52,15.66,58.85
19.54,16.86,16.81,27.53,80.74
10.79,13.89,13.13,35.48,73.29
9.42,16.13,16.21,33.23,74.99
11.92,14.91,8.52,32.57,67.93
13.86,18.38,15.53,28.32,76.09
14.73,14.85,11.92,22.33,63.83
13.28,9.68,19.01,33.09,75.06
15.06,18.79,17.94,24.99,76.78
10.25,12.28,17.17,40.0,79.69
18.33,13.04,19.8,33.42,84.6
13.75,13.21,13.63,26.52,67.11
17.35,19.12,20.0,26.33,82.81
15.03,8.59,18.33,29.44,71.39
15.37,20.0,15.41,28.56,79.34
15.71,18.17,18.84,36.7,89.42
15.34,15.67,13.23,31.12,75.37
15.93,14.84,13.94,25.61,70.31
17.99,15.86,14.48,40.0,88.32
14.59,16.56,14.68,30.3,76.13
16.13,16.94,13.36,34.61,81.03
13.73,16.67,19.06,26.35,75.81
18.32,15.27,15.35,32.18,81.12
11.97,14.41,16.88,31.87,75.13
19.4,14.55,14.57,18.66,67.19
13.88,14.42,11.45,40.0,79.74
9.71,18.4,16.68,37.74,82.53
14.38,16.78,11.22,27.62,70.0
11.96,6.18,15.83,23.39,57.35
16.52,16.97,12.58,32.09,78.15
12.04,15.58,20.0,30.52,78.15
12.66,14.94,18.28,32.13,78.02
8.33,13.83,16.26,31.15,69.58
12.64,18.37,19.16,33.04,83.21
6.73,17.84,13.88,38.68,77.14
9.25,12.68,17.36,33.41,72.7
16.28,16.22,16.5,23.7,72.7
16.36,12.09,16.66,38.18,83.28
15.28,10.86,19.18,39.84,85.16
11.1,13.12,17.83,40.0,82.05
13.86,17.59,16.72,23.26,71.42
13.99,17.86,11.86,31.46,75.17
10.52,16.54,13.6,17.51,58.17
18.51,17.18,15.69,33.32,84.7
16.63,16.55,16.23,26.71,76.12
13.34,13.08,13.17,40.0,79.59
14.08,16.3,20.0,25.35,75.73
14.63,17.4,19.79,19.86,71.68
7.87,17.26,17.51,27.17,69.82
13.26,18.57,16.18,18.15,66.15
11.95,17.12,15.47,34.51,79.06
11.0,16.05,13.62,17.61,58.28
13.16,18.21,16.19,30.17,77.73
19.39,14.92,16.64,17.53,68.49
15.92,12.35,12.9,28.08,69.25
12.29,14.51,16.84,39.86,83.49
15.72,12.77,15.61,32.16,76.26
